radius_km,acsp_detection_recall,random_mean_recall,random_q025,random_q975,lift_over_random,randomization_p_one_sided,iterations,selection_policy
0.5,0.1578947368,0.1034789474,0.0,0.1578947368,0.0544157895,0.2457754225,10000,baseline global Top-5 local-habitat score
1.0,0.1578947368,0.1300842105,0.0526315789,0.2105263158,0.0278105263,0.4864513549,10000,baseline global Top-5 local-habitat score
2.0,0.2105263158,0.2163473684,0.1052631579,0.2631578947,-0.0058210526,0.8262173783,10000,baseline global Top-5 local-habitat score
5.0,0.2631578947,0.2626263158,0.2631578947,0.2631578947,0.0005315789,0.9899010099,10000,baseline global Top-5 local-habitat score
10.0,0.2631578947,0.2631578947,0.2631578947,0.2631578947,0.0,1.0,10000,baseline global Top-5 local-habitat score
